,0,1,2,3,4,5,6,7,8,9,10,11,12,13,14,15,16,17,18,19
0,IntervalURL,CurWellNam,CurWellNum,County,Lat_dd83,Long_dd83,Fm_TD,Depth,SmpDpUnt,BHT,TempUnit,HrsSnceCir,DateMeasrd,Elev_GL,Elev_KB,T_C,depth_m,elevation_m,Ts,Gradient_Ckm
1,API30-003-05000,Wheeler,1,Catron,34.5165,-108.5514,Glorieta,2602,ft,97,F,2,11/22/1963,6680,6686,36.11111111,793.0896,2036.064,10.42183606,32.39139064
2,API30-003-05001,Santa Fe Pacific,1,Catron,34.5436638,-107.9697375,granite,5397,ft,124,F,,9/23/1959,7675,7412,51.11111111,1645.0056,2339.34,8.230961391,26.06687158
3,API30-003-05002,San Augustin Plains,1,Catron,34.0121049,-107.8015975,Precambrian,12284,ft,280,F,4.5,6/23/1966,7063,7075,137.7777778,3744.1632,2152.8024,9.578514455,34.23976373
4,API30-003-05002,San Augustin Plains,1,Catron,34.0121049,-107.8015975,Precambrian,12284,ft,320,F,,6/23/1966,7063,7075,160,3744.1632,2152.8024,9.578514455,40.17492762
5,API30-003-05002,San Augustin Plains,1,Catron,34.0121049,-107.8015975,Precambrian,12284,ft,310,F,4,6/21/1966,7063,7075,154.4444444,3744.1632,2152.8024,9.578514455,38.69113664
6,API30-003-05002,San Augustin Plains,1,Catron,34.0121049,-107.8015975,Precambrian,12284,ft,310,F,4,6/21/1966,7063,7075,154.4444444,3744.1632,2152.8024,9.578514455,38.69113664
7,API30-003-20001,Federal,1,Catron,34.17901727,-108.1631186,Precambrian,7900,ft,180,F,6,7/11/1967,8039,,82.22222222,2407.92,2450.2872,7.429475582,31.06114266
8,API30-003-20002,Turner SFPRR,1,Catron,34.47363776,-107.7897262,Precambrian,5215,ft,146,F,14,5/3/1977,7130,7144,63.33333333,1589.532,2173.224,9.430988221,33.91082728
9,API30-003-20002,Turner SFPRR,1,Catron,34.47363776,-107.7897262,Precambrian,2970,ft,111,F,6,4/10/1977,7130,7144,43.88888889,905.256,2173.224,9.430988221,38.06426101
10,API30-003-20002,Turner SFPRR,1,Catron,34.47363776,-107.7897262,Precambrian,2970,ft,110,F,4,4/10/1977,7130,7144,43.33333333,905.256,2173.224,9.430988221,37.45056107
11,API30-003-20003,State 2094,1,Catron,34.43337582,-108.2812528,Precambrian,4685,ft,117,F,4,6/19/1977,7511,7525,47.22222222,1427.988,2289.3528,8.592070382,27.05215439
12,API30-003-20003,State 2094,1,Catron,34.43337582,-108.2812528,Precambrian,6032,ft,136,F,5.5,7/1/1977,7511,7525,57.77777778,1838.5536,2289.3528,8.592070382,26.75239242
13,API30-003-20004,State 2111,1,Catron,34.40738541,-108.6788052,Precambrian,2161,ft,136,F,2,5/19/1977,6700,6678,57.77777778,658.6728,2042.16,10.37779838,71.96286137
14,API30-003-20004,State 2111,1,Catron,34.40738541,-108.6788052,Precambrian,2161,ft,136,F,4,5/19/1977,6700,6678,57.77777778,658.6728,2042.16,10.37779838,71.96286137
15,API30-003-20004,State 2111,1,Catron,34.40738541,-108.6788052,Precambrian,4256,ft,121,F,23,5/28/1977,6700,6678,49.44444444,1297.2288,2042.16,10.37779838,30.1154631
16,API30-003-20004,State 2111,1,Catron,34.40738541,-108.6788052,Precambrian,4272,ft,121,F,5.5,5/28/1977,6700,6678,49.44444444,1302.1056,2042.16,10.37779838,30.00267111
17,API30-003-20004,State 2111,1,Catron,34.40738541,-108.6788052,Precambrian,4272,ft,121,F,7.5,5/28/1977,6700,6678,49.44444444,1302.1056,2042.16,10.37779838,30.00267111
18,API30-003-20004,State 2111,1,Catron,34.40738541,-108.6788052,Precambrian,4275,ft,126,F,5.5,5/28/1977,6700,6678,52.22222222,1303.02,2042.16,10.37779838,32.1134164
19,API30-003-20007,Federal 23688,1,Catron,34.3637,-108.4859,Precambrian,4780,ft,145,F,21.5,2/1/1978,7097,,62.77777778,1456.944,2163.1656,9.503650396,36.56566579
20,API30-003-20008,State 2095,1,Catron,34.3609,-108.3024,Precambrian,4000,ft,125,F,,2/18/1978,7212,7224,51.66666667,1219.2,2198.2176,9.250433726,34.79021731
21,API30-003-20012,CAMBRIDGE & NAIL-SFP,1,Catron,34.5526017,-107.8217593,Precambrian,5100,ft,136,F,5.5,7/29/1981,7251,7259,57.77777778,1554.48,2210.1048,9.164560246,31.27297716
22,API30-003-20013,Laguna Federal,1,Catron,34.48193058,-108.0612585,Precambrian,5912,ft,140,F,6,11/12/1984,7330,7343,60,1801.9776,2234.184,8.990611403,28.30744877
23,API30-003-20013,Laguna Federal,1,Catron,34.48193058,-108.0612585,Precambrian,5912,ft,140,F,3,11/12/1984,7330,7343,60,1801.9776,2234.184,8.990611403,28.30744877
24,API30-003-20015,SWEPI State,1,Catron,33.99079694,-108.1699626,Precambrian,7000,ft,186,F,13,8/14/1987,7650,7719,85.55555556,2133.6,2331.72,8.286008494,36.21557324
25,API30-003-20015,SWEPI State,1,Catron,33.99079694,-108.1699626,Precambrian,4910,ft,164,F,42,7/22/1987,7650,7719,73.33333333,1496.568,2331.72,8.286008494,43.46432961
26,API30-003-20015,SWEPI State,1,Catron,33.99079694,-108.1699626,Precambrian,4910,ft,141,F,4.5,7/20/1987,7650,7719,60.55555556,1496.568,2331.72,8.286008494,34.92627603
27,API30-003-20015,SWEPI State,1,Catron,33.99079694,-108.1699626,Precambrian,4910,ft,143,F,8.5,7/21/1987,7650,7719,61.66666667,1496.568,2331.72,8.286008494,35.66871547
28,API30-003-20015,SWEPI State,1,Catron,33.99079694,-108.1699626,Precambrian,7000,ft,188,F,25,8/16/1987,7650,7719,86.66666667,2133.6,2331.72,8.286008494,36.73634148
29,API30-003-20016,Mangas Mountains Federal,1,Catron,34.02972,-108.4163,Precambrian,7764,ft,204,F,31.5,12/4/1987,9034,9056,95.55555556,2366.4672,2753.5632,5.238600912,38.16531015
30,API30-003-20016,Mangas Mountains Federal,1,Catron,34.02972,-108.4163,Precambrian,7764,ft,198,F,18.5,12/4/1987,9034,9056,92.22222222,2366.4672,2753.5632,5.238600912,36.75674073
31,API30-003-20017,Aspen Federal,1,Catron,34.18338961,-108.1841764,Precambrian,7200,ft,175,F,4,3/4/1988,8111,8139,79.44444444,2194.56,2472.2328,7.270939928,32.88746014
32,API30-003-20017,Aspen Federal,1,Catron,34.18338961,-108.1841764,Precambrian,7200,ft,173,F,18,3/4/1988,8111,8139,78.33333333,2194.56,2472.2328,7.270939928,32.38115768
33,API30-003-20017,Aspen Federal,1,Catron,34.18338961,-108.1841764,Precambrian,7200,ft,166,F,14,3/4/1988,8111,8139,74.44444444,2194.56,2472.2328,7.270939928,30.6090991
34,API30-003-20018,State 16,1,Catron,34.04118651,-108.1951878,Precambrian,6890,ft,180,F,,11/7/1989,7573,7586,82.22222222,2100.072,2308.2504,8.455553569,35.12578076
35,API30-003-20018,State 16,1,Catron,34.04118651,-108.1951878,Precambrian,4570,ft,143,F,,10/26/1989,7573,7586,61.66666667,1392.936,2308.2504,8.455553569,38.20068768
36,API30-003-20022,South State 36,1,Catron,34.17835473,-108.994147,Precambrian,3170,ft,91,F,6,12/17/1997,7548,7560,32.77777778,966.216,2300.6304,8.510600671,25.11568542
37,API30-003-20022,South State 36,1,Catron,34.17835473,-108.994147,Precambrian,3170,ft,91,F,3.5,12/17/1997,7548,7560,32.77777778,966.216,2300.6304,8.510600671,25.11568542
38,API30-003-20023,State 1-16,1,Catron,34.22157653,-109.0440958,Yeso,2861,ft,125,F,26.5,2/14/1998,7410,7424,51.66666667,872.0328,2258.568,8.814460676,49.14058966
39,API30-003-20023,State 1-16,1,Catron,34.22157653,-109.0440958,Yeso,2841,ft,125,F,15,2/14/1998,7410,7424,51.66666667,865.9368,2258.568,8.814460676,49.48652834
40,API30-003-20040,COTTON WOOD CANYON,12,Catron,34.16785187,-108.9898148,Abo,2956,ft,114,F,4.300000191,7/24/1999,7639,7653,45.55555556,900.9888,2328.3672,8.310229219,41.33827894
41,API30-003-60001,Federal,1,Catron,34.41792,-108.47549,Precambrian,5599,ft,121,F,,12/25/1956,7106,7109,49.44444444,1706.5752,2165.9088,9.483833439,23.41567544
42,API30-006-05000,Santa Fe Pacific,1M,Cibola,34.68368,-107.60227,Precambrian,5010,ft,125,F,,8/20/1959,7486,,51.66666667,1527.048,2281.7328,8.647117485,28.17170723
43,API30-006-05021,Federal B,1,Cibola,34.8054,-107.2311,Pennsylvanian,3676,ft,150,F,1.5,9/11/1958,6080,,65.55555556,1120.4448,1853.184,11.74296652,48.02788057
44,API30-006-07031,Pueblo of Acoma,1,Valencia,34.86157,-107.54169,Precambrian,4791,ft,121,F,,3/8/1960,6327,6337,49.44444444,1460.2968,1928.4696,11.19910115,26.19011649
45,API30-006-07032,Federal Lucero 14,1,Valencia,34.74841,-107.96136,Precambrian,4635,ft,104,F,,5/8/1960,7204,7215,40,1412.748,2195.7792,9.268048798,21.75331425
46,API30-006-07040,New Mexico and Arizona Land & Cattle Co.,1,Cibola,34.8109,-107.2492,,2002,ft,135,F,2,8/15/1956,5958,,57.22222222,610.2096,1815.9984,12.01159638,74.09032216
47,API30-006-07040,New Mexico and Arizona Land & Cattle Co.,1,Cibola,34.8109,-107.2492,,3658,ft,160,F,2,9/6/1956,5958,,71.11111111,1114.9584,1815.9984,12.01159638,53.00602671
48,API30-006-20001,State,32,Cibola,34.9614,-108.4502,Glorieta,3109,ft,95,F,,5/20/1971,7190,,35,947.6232,2191.512,9.298875176,27.12167117
49,API30-006-20002,State 8,1,Cibola,34.58849694,-108.6340046,Abo,4493,ft,118,F,3,5/7/1978,6781,6791,47.77777778,1369.4664,2066.8488,10.19944577,27.44012705
50,API30-006-20005,SANTA FE A,1,Cibola,34.63229705,-107.5614651,Yeso?,5344,ft,122,F,,1/13/1983,7089,7102,50,1628.8512,2160.7272,9.521265469,24.85109415
51,API30-006-20006,Cornell State,1,Cibola,35.14119577,-107.6335747,,2953,ft,101,F,5,12/10/1984,7500,,38.33333333,900.0744,2286,8.616291107,33.01620647
52,API30-006-20007,Exxon Mineral Fee,1,Cibola,35.261,-107.227,Pennsylvanian,5723,ft,124,F,5.5,9/2/1987,6645,6654.399902,51.11111111,1744.3704,2025.396,10.49890201,23.28187242
53,API30-006-20007,Exxon Mineral Fee,1,Cibola,35.261,-107.227,Pennsylvanian,1135,ft,81,F,12,8/19/1987,6645,6654.399902,27.22222222,345.948,2025.396,10.49890201,48.34056048
54,API30-006-20008,Galestina Canyon,1,Cibola,34.88731426,-108.7231078,,2693,ft,95,F,4,7/2/1988,7194,7199,35,820.8264,2192.7312,9.290067639,31.32200958
55,API30-006-20010,Zuni Tribal,1-Y,Cibola,34.9514,-108.7438,,1904,ft,85,F,11.39999962,8/19/1989,7345,7359,29.44444444,580.3392,2238.756,8.957583141,35.30152935
56,API30-006-20012,Gottlieb,1,Cibola,35.08638,-107.78475,Precambrian,4600,ft,122,F,,11/13/1954,6392,6400,50,1402.08,1948.2816,11.05597868,27.77589105
57,API30-013-20002,Corralitos Federal A,1,Dona Ana,32.42561889,-107.0859749,Bliss,3554,ft,126,F,7,7/6/1971,4776,,52.22222222,1083.2592,1455.7248,14.61422337,34.7174516
58,API30-013-20002,Corralitos Federal A,1,Dona Ana,32.42561889,-107.0859749,Bliss,5133,ft,149,F,8,7/24/1971,4776,,65,1564.5384,1455.7248,14.61422337,32.20488332
59,API30-013-20002,Corralitos Federal A,1,Dona Ana,32.42561889,-107.0859749,Bliss,5129,ft,149,F,6,7/24/1971,4776,,65,1563.3192,1455.7248,14.61422337,32.22999924
60,API30-013-20002,Corralitos Federal A,1,Dona Ana,32.42561889,-107.0859749,Bliss,5131,ft,149,F,2,7/23/1971,4776,,65,1563.9288,1455.7248,14.61422337,32.21743639
61,API30-013-20002,Corralitos Federal A,1,Dona Ana,32.42561889,-107.0859749,Bliss,1927,ft,118,F,7,6/23/1971,4776,,47.77777778,587.3496,1455.7248,14.61422337,56.46305779
62,API30-013-20003,MOBIL,1-32,Dona Ana,32.09368182,-106.8670569,Montoya,14794,ft,332,F,95,2/9/1973,4220,,166.6666667,4509.2112,1286.256,15.83847093,33.44890914
63,API30-013-20003,MOBIL,1-32,Dona Ana,32.09368182,-106.8670569,Montoya,14529,ft,332,F,99,2/9/1973,4220,,166.6666667,4428.4392,1286.256,15.83847093,34.05899662
64,API30-013-20003,MOBIL,1-32,Dona Ana,32.09368182,-106.8670569,Montoya,10385,ft,165,F,6,12/24/1972,4220,,73.88888889,3165.348,1286.256,15.83847093,18.33934783
65,API30-013-20003,MOBIL,1-32,Dona Ana,32.09368182,-106.8670569,Montoya,10385,ft,165,F,14,12/24/1972,4220,,73.88888889,3165.348,1286.256,15.83847093,18.33934783
66,API30-013-20003,MOBIL,1-32,Dona Ana,32.09368182,-106.8670569,Montoya,14115,ft,250,F,16,2/6/1973,4220,,121.1111111,4302.252,1286.256,15.83847093,24.46919432
67,API30-013-20004,Mason Draw Unit,1,Dona Ana,32.31015809,-107.1993055,Precambrian,11935,ft,249,F,9,2/15/1984,4429,,120.5555556,3637.788,1349.9592,15.37827715,28.91242656
68,API30-013-20004,Mason Draw Unit,1,Dona Ana,32.31015809,-107.1993055,Precambrian,11935,ft,283,F,28,2/16/1984,4429,,139.4444444,3637.788,1349.9592,15.37827715,34.10483714
69,API30-013-20004,Mason Draw Unit,1,Dona Ana,32.31015809,-107.1993055,Precambrian,11935,ft,292,F,11,2/15/1984,4429,,144.4444444,3637.788,1349.9592,15.37827715,35.47929876
70,API30-013-20005,Beard Ole Federal,1,Dona Ana,32.32369336,-106.7142901,El Paso,3992,ft,143,F,5.5,12/16/1983,4293,4316,61.66666667,1216.7616,1308.5064,15.67773339,37.79617411
71,API30-013-20005,Beard Ole Federal,1,Dona Ana,32.32369336,-106.7142901,El Paso,3992,ft,136,F,0,12/15/1983,4293,4316,57.77777778,1216.7616,1308.5064,15.67773339,34.60007646
72,API30-013-20005,Beard Ole Federal,1,Dona Ana,32.32369336,-106.7142901,El Paso,3992,ft,138,F,3,12/16/1983,4293,4316,58.88888889,1216.7616,1308.5064,15.67773339,35.51324721
73,API30-013-20006,Sunland Park Unit,1,Dona Ana,31.99412352,-106.8483546,Hueco,18230,ft,354,F,7.5,9/12/1985,4188.850098,4223,178.8888889,5556.504,1276.76151,15.9070594,29.3317218
74,API30-013-20006,Sunland Park Unit,1,Dona Ana,31.99412352,-106.8483546,Hueco,18230,ft,354,F,16.60000038,9/13/1985,4188.850098,4223,178.8888889,5556.504,1276.76151,15.9070594,29.3317218
75,API30-013-20006,Sunland Park Unit,1,Dona Ana,31.99412352,-106.8483546,Hueco,18230,ft,354,F,19,9/12/1985,4188.850098,4223,178.8888889,5556.504,1276.76151,15.9070594,29.3317218
76,API30-013-20006,Sunland Park Unit,1,Dona Ana,31.99412352,-106.8483546,Hueco,14047,ft,240,F,10,7/18/1985,4188.850098,4223,115.5555556,4281.5256,1276.76151,15.9070594,23.27406291
77,API30-013-20006,Sunland Park Unit,1,Dona Ana,31.99412352,-106.8483546,Hueco,14047,ft,270,F,21,7/19/1985,4188.850098,4223,132.2222222,4281.5256,1276.76151,15.9070594,27.16675636
78,API30-013-60003,Federal H,1,Dona Ana,31.86237736,-106.998573,Intrusive (Tertiary),3831,ft,112,F,,12/2/1961,4404,,44.44444444,1167.6888,1342.3392,15.43332425,24.84490747
79,API30-013-60003,Federal H,1,Dona Ana,31.86237736,-106.998573,Intrusive (Tertiary),7345,ft,158,F,,2/6/1962,4404,,70,2238.756,1342.3392,15.43332425,24.37365919
80,API30-013-60004,Federal Dona Ana 18,1,Dona Ana,32.37093793,-106.9369041,Bliss,6519,ft,167,F,,4/5/1962,4684,4689,75,1986.9912,1427.6832,14.81679671,30.28861089
81,API30-013-60006,S.H. Weaver Fed. No.1,,Dona Ana,31.99793553,-106.8184746,Tertiary volcanics,2436,ft,95,F,3,11/19/1965,4164,,35,742.4928,1269.1872,15.96177644,25.64095378
82,API30-013-60006,S.H. Weaver Fed. No.1,,Dona Ana,31.99793553,-106.8184746,Tertiary volcanics,6493,ft,174,F,5,1/2/1966,4164,,78.88888889,1979.0664,1269.1872,15.96177644,31.79636239
83,API30-013-60006,S.H. Weaver Fed. No.1,,Dona Ana,31.99793553,-106.8184746,Tertiary volcanics,6521,ft,176,F,5,1/4/1966,4164,,80,1987.6008,1269.1872,15.96177644,32.2188558
84,API30-013-90019,Radium Springs Federal Lamar Hunt Geothermal,53-27,Dona Ana,32.55187,-106.9649,Precambrian,9015,ft,243,F,5,,4376,4398,117.2222222,2747.772,1333.8048,15.49497701,37.02171986
85,API30-013-90019,Radium Springs Federal Lamar Hunt Geothermal,53-27,Dona Ana,32.55187,-106.9649,Precambrian,9015,ft,246,F,9,,4376,4398,118.8888889,2747.772,1333.8048,15.49497701,37.62827188
86,API30-017-20001,Coyote State Lease - 1132 (14),1,Grant,32.12542779,-108.4667545,Precambrian,9282,ft,186,F,,8/19/1969,4349,4354,85.55555556,2829.1536,1325.5752,15.55442788,24.74278091
87,API30-017-20001,Coyote State Lease - 1132 (14),1,Grant,32.12542779,-108.4667545,Precambrian,9282,ft,186,F,,8/19/1969,4349,4354,85.55555556,2829.1536,1325.5752,15.55442788,24.74278091
88,API30-017-20002,Saltys Unit,1,Grant,32.52954081,-108.3924838,Bliss,5267,ft,120,F,0.5,11/15/1985,4375,4406,48.88888889,1605.3816,1333.5,15.49717889,20.79985842
89,API30-017-20002,Saltys Unit,1,Grant,32.52954081,-108.3924838,Bliss,5267,ft,120,F,9,11/15/1985,4375,4406,48.88888889,1605.3816,1333.5,15.49717889,20.79985842
90,API30-017-20002,Saltys Unit,1,Grant,32.52954081,-108.3924838,Bliss,5264,ft,120,F,16,11/15/1985,4375,4406,48.88888889,1604.4672,1333.5,15.49717889,20.81171245
91,API30-017-20002,Saltys Unit,1,Grant,32.52954081,-108.3924838,Bliss,9781,ft,194,F,7.75,12/21/1985,4375,4406,90,2981.2488,1333.5,15.49717889,24.99047416
92,API30-017-20002,Saltys Unit,1,Grant,32.52954081,-108.3924838,Bliss,9781,ft,194,F,15.25,12/21/1985,4375,4406,90,2981.2488,1333.5,15.49717889,24.99047416
93,API30-017-20002,Saltys Unit,1,Grant,32.52954081,-108.3924838,Bliss,9781,ft,194,F,22.5,12/21/1985,4375,4406,90,2981.2488,1333.5,15.49717889,24.99047416
94,API30-023-00001,State 1225,1,Hildalgo,31.64252976,-108.6572225,Colina,3906,ft,109,F,7,11/23/1970,4455,,42.77777778,1190.5488,1357.884,15.32102816,23.06226306
95,API30-023-00003,New Mexico State strat test,16-1,Hildalgo,31.77914638,-108.5740025,,3089,ft,113,F,10,9/29/1970,4390,,45,941.5272,1338.072,15.46415063,31.37014987
96,API30-023-00004,Playas State,1,Hildalgo,31.70674874,-108.5328802,,7086,ft,190,F,3,6/8/1970,4455,,87.77777778,2159.8128,1357.884,15.32102816,33.54769895
97,API30-023-00004,Playas State,1,Hildalgo,31.70674874,-108.5328802,,4493,ft,167,F,,5/25/1970,4455,,75,1369.4664,1357.884,15.32102816,43.57826657
98,API30-023-00004,Playas State,1,Hildalgo,31.70674874,-108.5328802,,7088,ft,190,F,7,6/8/1970,4455,,87.77777778,2160.4224,1357.884,15.32102816,33.5382329
99,API30-023-00008,State 1209-8 strat test,1,Hildalgo,31.62808124,-108.5177086,,2959,ft,98,F,8,10/30/1970,4780,,36.66666667,901.9032,1456.944,14.60541583,24.46077454
100,API30-023-00008,State 1209-8 strat test,1,Hildalgo,31.62808124,-108.5177086,,2960,ft,98,F,3.5,10/30/1970,4780,,36.66666667,902.208,1456.944,14.60541583,24.45251076
101,API30-023-20001,Federal Pyramid,1,Hildalgo,32.17559451,-108.8299911,Precambrian,7404,ft,250,F,,7/29/1969,4230,4244,121.1111111,2256.7392,1289.304,15.81645209,46.65787656
102,API30-023-20003,Playas 14,1,Hildalgo,31.70454524,-108.5392717,Precambrian,4491,ft,167,F,,5/25/1970,4430,,75,1368.8568,1350.264,15.37607527,43.55745958
103,API30-023-20003,Playas 14,1,Hildalgo,31.70454524,-108.5392717,Precambrian,7078,ft,190,F,3,6/8/1970,4430,,87.77777778,2157.3744,1350.264,15.37607527,33.56010089
104,API30-023-20005,State,1,Hildalgo,32.06780881,-108.581987,,4007,ft,118,F,4,12/2/1972,4372,,47.77777778,1221.3336,1332.5856,15.50378454,26.42520703
105,API30-023-20007,Forest Federal,1,Hildalgo,31.4998258,-108.4193148,Intrusive (Tertiary),4464,ft,144,F,20,1/22/1975,5144,5156,62.22222222,1360.6272,1567.8912,13.80393003,35.58527435
106,API30-023-20008,Hatchet Federal,1,Hildalgo,31.70466876,-108.5390803,El Paso,2447,ft,96,F,1,7/12/1956,4331,,35.55555556,745.8456,1320.0888,15.59406179,26.76357381
107,API30-023-20009,Fitzpatrick,1,Hildalgo,32.58316232,-107.7940169,Intrusive (Tertiary),10750,ft,196,F,7,4/2/1985,5165,5192,91.11111111,3276.6,1574.292,13.75769046,23.60783149
108,API30-023-20009,Fitzpatrick,1,Hildalgo,32.58316232,-107.7940169,Intrusive (Tertiary),10750,ft,198,F,21.5,4/3/1985,5165,5192,92.22222222,3276.6,1574.292,13.75769046,23.94693639
109,API30-023-20009,Fitzpatrick,1,Hildalgo,32.58316232,-107.7940169,Intrusive (Tertiary),6330,ft,128,F,9.659999847,2/26/1985,5165,5192,53.33333333,1929.384,1574.292,13.75769046,20.5120613
110,API30-023-20009,Fitzpatrick,1,Hildalgo,32.58316232,-107.7940169,Intrusive (Tertiary),6348,ft,123,F,7,2/26/1985,5165,5192,50.55555556,1934.8704,1574.292,13.75769046,19.01825833
111,API30-023-20009,Fitzpatrick,1,Hildalgo,32.58316232,-107.7940169,Intrusive (Tertiary),6300,ft,129,F,13,2/26/1985,5165,5192,53.88888889,1920.24,1574.292,13.75769046,20.89905347
112,API30-023-20010,Ramsey 25 State,1,Hildalgo,31.922943,-108.525674,,1851,ft,127,F,4,6/29/1989,4513,,52.77777778,564.1848,1375.5624,15.19331889,66.61728372
113,API30-023-20010,Ramsey 25 State,1,Hildalgo,31.922943,-108.525674,,1851,ft,127,F,6,6/29/1989,4513,,52.77777778,564.1848,1375.5624,15.19331889,66.61728372
114,API30-023-20012,Hueco S. Ut. 26 St.,1,Hidalgo,31.48881437,-108.5469584,,10030,ft,232,F,19,2/27/2008,4528,4540,111.1111111,3057.144,1380.1344,15.16029063,31.38577067
115,API30-023-20012,Hueco S. Ut. 26 St.,1,Hidalgo,31.48881437,-108.5469584,,6954,ft,130,F,10,2/7/2008,4528,4540,54.44444444,2119.5792,1380.1344,15.16029063,18.53394005
116,API30-023-60005,Tidball Berry Federal,1,Hildalgo,31.71193005,-108.3266274,Precambrian,2530,ft,90,F,,7/12/1956,4349,,32.22222222,771.144,1325.5752,15.55442788,21.61437338
117,API30-023-60007,State BA,1,Hildalgo,31.44254833,-108.262291,El Paso,14584,ft,320,F,,12/19/1958,4575,4587,160,4445.2032,1394.46,15.05680207,32.60665293
118,API30-023-60007,State BA,1,Hildalgo,31.44254833,-108.262291,El Paso,10880,ft,155,F,,10/22/1958,4575,4587,68.33333333,3316.224,1394.46,15.05680207,16.06541997
119,API30-023-60007,State BA,1,Hildalgo,31.44254833,-108.262291,El Paso,5345,ft,115,F,,8/2/1958,4575,4587,46.11111111,1629.156,1394.46,15.05680207,19.06159327
120,API30-023-60012,Iverson Estate A,1,Hildalgo,31.74424912,-108.321478,,8097,ft,174,F,15.75,10/30/1983,4484,4512.5,78.88888889,2467.9656,1366.7232,15.25717353,25.78306414
121,API30-023-60012,Iverson Estate A,1,Hildalgo,31.74424912,-108.321478,,2512,ft,92,F,3,8/26/1983,4484,4512.5,33.33333333,765.6576,1366.7232,15.25717353,23.60867287
122,API30-023-60012,Iverson Estate A,1,Hildalgo,31.74424912,-108.321478,,8097,ft,178,F,27.25,10/30/1983,4484,4512.5,81.11111111,2467.9656,1366.7232,15.25717353,26.68349088
123,API30-023-60012,Iverson Estate A,1,Hildalgo,31.74424912,-108.321478,,2506,ft,92,F,6,8/27/1983,4484,4512.5,33.33333333,763.8288,1366.7232,15.25717353,23.66519802
124,API30-023-90031,NM 34790,55-7,Hildalgo,32.144146,-108.835785,,7012,,270,F,7,2/14/1985,4201,4217.600098,132.2222222,2137.2576,1280.4648,15.88030672,54.43513945
125,API30-023-90031,NM 34790,55-7,Hildalgo,32.144146,-108.835785,,7012,,270,F,22.5,2/14/1985,4201,4217.600098,132.2222222,2137.2576,1280.4648,15.88030672,54.43513945
126,API30-023-90031,NM 34790,55-7,Hildalgo,32.144146,-108.835785,,7012,,265,F,9,2/14/1985,4201,4217.600098,129.4444444,2137.2576,1280.4648,15.88030672,53.1354469
127,API30-029-00006,State C,1A,Luna,31.84531053,-107.3415718,Precambrian,9435,ft,225,F,,1/12/1964,4018,4029,107.2222222,2875.788,1224.6864,16.28325151,31.62227908
128,API30-029-00006,State C,1A,Luna,31.84531053,-107.3415718,Precambrian,9436,ft,225,F,4,1/12/1964,4018,4029,107.2222222,2876.0928,1224.6864,16.28325151,31.61892784
129,API30-029-20001,State 1349,1,Luna,32.31417631,-107.9726809,Precambrian,7362,ft,190,F,4,11/5/1969,4520,,87.77777778,2243.9376,1377.696,15.1779057,32.35378385
130,API30-029-20003,State L6350,1,Luna,32.30692641,-107.9715609,Precambrian,10077,ft,245,F,7,4/9/1973,4545,4556,118.3333333,3071.4696,1385.316,15.1228586,33.60296151
131,API30-029-20003,State L6350,1,Luna,32.30692641,-107.9715609,Precambrian,10077,ft,245,F,13,4/9/1973,4545,4556,118.3333333,3071.4696,1385.316,15.1228586,33.60296151
132,API30-029-20004,Diana,1,Luna,32.27625685,-107.9479803,Bliss,7925,ft,160,F,14,3/17/1973,4530,,71.11111111,2415.54,1380.744,15.15588686,23.16468543
133,API30-029-20004,Diana,1,Luna,32.27625685,-107.9479803,Bliss,7927,ft,145,F,4,3/16/1973,4530,,62.77777778,2416.1496,1380.744,15.15588686,19.70982712
134,API30-029-20005,City Of Deming,1,Luna,32.2442375,-107.7050534,valley fill,4218,ft,136,F,13,5/27/1981,4310,,57.77777778,1285.6464,1313.688,15.64030136,32.77532331
135,API30-029-20007,McSherry,1,Luna,32.24152759,-107.7018433,Precambrian,12343,ft,278,F,19,8/8/1983,4261,4272,136.6666667,3762.1464,1298.7528,15.74819368,32.14082073
136,API30-029-20007,McSherry,1,Luna,32.24152759,-107.7018433,Precambrian,12343,ft,278,F,10.5,8/8/1983,4261,4272,136.6666667,3762.1464,1298.7528,15.74819368,32.14082073
137,API30-029-20014,Bisbee Hills,,Luna,32.05902313,-107.6740715,Precambrian,7115,ft,157,F,5.5,9/6/1983,4274,4296,69.44444444,2168.652,1302.7152,15.71956918,24.77339622
138,API30-029-20014,Bisbee Hills,,Luna,32.05902313,-107.6740715,Precambrian,7114,ft,152,F,3,9/5/1983,4274,4296,66.66666667,2168.3472,1302.7152,15.71956918,23.49582091
139,API30-029-20014,Bisbee Hills,,Luna,32.05902313,-107.6740715,Precambrian,4947,ft,146,F,3.5,8/13/1983,4274,4296,63.33333333,1507.8456,1302.7152,15.71956918,31.57734728
140,API30-029-20014,Bisbee Hills,,Luna,32.05902313,-107.6740715,Precambrian,4948,ft,146,F,10,8/13/1983,4274,4296,63.33333333,1508.1504,1302.7152,15.71956918,31.57096543
141,API30-029-20014,Bisbee Hills,,Luna,32.05902313,-107.6740715,Precambrian,7115,ft,157,F,5,9/6/1983,4274,4296,69.44444444,2168.652,1302.7152,15.71956918,24.77339622
142,API30-029-20014,Bisbee Hills,,Luna,32.05902313,-107.6740715,Precambrian,4946,ft,146,F,23,8/14/1983,4274,4296,63.33333333,1507.5408,1302.7152,15.71956918,31.5837317
143,API30-029-60001,New Mexico Federal R,1,Luna,31.84547043,-107.3415289,Precambrian,2567,ft,95,F,,2/27/1962,4079,,35,782.4216,1243.2792,16.14893658,24.09322981
144,API30-029-60001,New Mexico Federal R,1,Luna,31.84547043,-107.3415289,Precambrian,6626,ft,196,F,,3/21/1962,4079,,91.11111111,2019.6048,1243.2792,16.14893658,37.11724914
145,API30-029-60009,Victorio strat test,1,Luna,31.88159959,-107.336852,,4004,ft,135,F,2,9/3/1970,4612,,57.22222222,1220.4192,1405.7376,14.97533236,34.61670372
146,API30-029-60009,Victorio strat test,1,Luna,31.88159959,-107.336852,,3995,ft,135,F,5,9/3/1970,4612,,57.22222222,1217.676,1405.7376,14.97533236,34.69468878
147,API30-051-00001,Leeman Federal No. 1,,Sierra,33.18006919,-106.8560687,Montoya,7195,ft,198,F,,3/7/1965,5250,,92.22222222,2193.036,1600.2,13.57053031,35.86429585
148,API30-051-00001,Leeman Federal No. 1,,Sierra,33.18006919,-106.8560687,Montoya,1620,ft,105,F,4,1/24/1965,5250,,40.55555556,493.776,1600.2,13.57053031,54.65033789
149,API30-051-00003,Victorio Land & Cattle Co.,1,Sierra,33.414375,-106.903497,Precambrian,6052,ft,122,F,4,1/21/1952,4809,,50,1844.6496,1465.7832,14.5415612,19.2223167
150,API30-051-00003,Victorio Land & Cattle Co.,1,Sierra,33.414375,-106.903497,Precambrian,3602,ft,103,F,2,12/11/1951,4809,,39.44444444,1097.8896,1465.7832,14.5415612,22.68250218
151,API30-051-00004,Victorio No. 2,,Sierra,33.415977,-106.951261,Precambrian,1705,ft,94,F,,2/16/1952,4770,,34.44444444,519.684,1453.896,14.62743468,38.13280718
152,API30-051-00004,Victorio No. 2,,Sierra,33.415977,-106.951261,Precambrian,6356,ft,170,F,,5/4/1952,4770,,76.66666667,1937.3088,1453.896,14.62743468,32.02340896
153,API30-051-00007,Brister,1,Sierra,33.27956077,-107.2714515,Pennsylvanian,8581,ft,180,F,,9/20/1955,4850,4861,82.22222222,2615.4888,1478.28,14.45128395,25.91138539
154,API30-051-00011,Sierra County Strat Test,1,Sierra,32.9878417,-107.0568905,,3517,ft,104,F,,2/6/1959,4850,,40,1071.9816,1478.28,14.45128395,23.83316659
155,API30-051-00011,Sierra County Strat Test,1,Sierra,32.9878417,-107.0568905,,6202,ft,160,F,,3/2/1959,4850,,71.11111111,1890.3696,1478.28,14.45128395,29.97288317
156,API30-051-00011,Sierra County Strat Test,1,Sierra,32.9878417,-107.0568905,,9775,ft,236,F,,4/16/1959,4850,,113.3333333,2979.42,1478.28,14.45128395,33.18835525
157,API30-051-00013,Sierra County Strat Test,3,Sierra,33.1148753,-106.8687554,,2310,ft,89,F,1,10/24/1960,5081,,31.66666667,704.088,1548.6888,13.94264872,25.17301522
158,API30-051-20001,Sierra State K,,Sierra,33.25007439,-106.9005765,Montoya,7850,ft,190,F,7,8/9/1970,5112,5123,87.77777778,2392.68,1558.1376,13.87439032,30.88728433
159,API30-051-20001,Sierra State K,,Sierra,33.25007439,-106.9005765,Montoya,7852,ft,190,F,4,8/9/1970,5111,5123,87.77777778,2393.2896,1557.8328,13.8765922,30.87849693
160,API30-051-20001,Sierra State K,,Sierra,33.25007439,-106.9005765,Montoya,2025,ft,100,F,6,7/7/1970,5112,5123,37.77777778,617.22,1558.1376,13.87439032,38.72749986
161,API30-051-20001,Sierra State K,,Sierra,33.25007439,-106.9005765,Montoya,2025,ft,100,F,8,7/7/1970,5111,5123,37.77777778,617.22,1557.8328,13.8765922,38.72393243
162,API30-051-20001,Sierra State K,,Sierra,33.25007439,-106.9005765,Montoya,2025,ft,100,F,6,7/7/1970,5111,5123,37.77777778,617.22,1557.8328,13.8765922,38.72393243
163,API30-051-20001,Sierra State K,,Sierra,33.25007439,-106.9005765,Montoya,7850,ft,190,F,10,8/9/1970,5111,5123,87.77777778,2392.68,1557.8328,13.8765922,30.88636407
164,API30-051-20001,Sierra State K,,Sierra,33.25007439,-106.9005765,Montoya,7850,ft,190,F,7,8/9/1970,5111,5123,87.77777778,2392.68,1557.8328,13.8765922,30.88636407
165,API30-051-20001,Sierra State K,,Sierra,33.25007439,-106.9005765,Montoya,2025,ft,100,F,4,7/7/1970,5111,5123,37.77777778,617.22,1557.8328,13.8765922,38.72393243
166,API30-051-20002,Jornada Del Muerto Unit,1,Sierra,33.08940887,-106.9589767,Pennsylvanian,9801,ft,238,F,9,4/11/1973,4792,4805,114.4444444,2987.3448,1460.6016,14.57899323,33.42950275
167,API30-051-20002,Jornada Del Muerto Unit,1,Sierra,33.08940887,-106.9589767,Pennsylvanian,3398,ft,98,F,3,3/7/1973,4792,4805,36.66666667,1035.7104,1460.6016,14.57899323,21.32610954
168,API30-051-20003,Beard Federal No. 1,,Sierra,33.11845016,-106.8602905,Precambrian,2392,ft,112,F,10,1/19/1974,5163,,44.44444444,729.0816,1573.6824,13.76209423,42.08356131
169,API30-051-20003,Beard Federal No. 1,,Sierra,33.11845016,-106.8602905,Precambrian,8833,ft,214,F,8,2/19/1974,5163,,101.1111111,2692.2984,1573.6824,13.76209423,32.44403253
170,API30-051-20003,Beard Federal No. 1,,Sierra,33.11845016,-106.8602905,Precambrian,8810,ft,208,F,4,2/19/1974,5163,,97.77777778,2685.288,1573.6824,13.76209423,31.28740141
171,API30-051-20003,Beard Federal No. 1,,Sierra,33.11845016,-106.8602905,Precambrian,8802,ft,215,F,11,2/19/1974,5163,,101.6666667,2682.8496,1573.6824,13.76209423,32.76537471
172,API30-051-20003,Beard Federal No. 1,,Sierra,33.11845016,-106.8602905,Precambrian,2393,ft,111,F,7,1/19/1974,5163,,43.88888889,729.3864,1573.6824,13.76209423,41.30429997
173,API30-051-20003,Beard Federal No. 1,,Sierra,33.11845016,-106.8602905,Precambrian,8833,ft,220,F,19,2/19/1974,5163,,104.4444444,2692.2984,1573.6824,13.76209423,33.68213205
174,API30-051-20003,Beard Federal No. 1,,Sierra,33.11845016,-106.8602905,Precambrian,2393,ft,110,F,3,1/19/1974,5163,,43.33333333,729.3864,1573.6824,13.76209423,40.54262474
175,API30-051-20004,Jornada del Muerto,3,Sierra,33.15867,-106.82942,,2325,ft,95,F,20,3/14/1975,5465,,35,708.66,1665.732,13.09712523,30.90745176
176,API30-051-20005,Jornada del Muerto,4,Sierra,33.03831439,-106.8113501,Permian,1995,ft,94,F,,4/3/1976,5300,,34.44444444,608.076,1615.44,13.46043611,34.508858
177,API30-051-20006,Prisor Federal No. 1,,Sierra,32.90446443,-106.8644816,Precambrian,5367,ft,169,F,8.5,12/15/1976,4620,4640,76.11111111,1635.8616,1408.176,14.95771729,37.38298755
178,API30-051-20006,Prisor Federal No. 1,,Sierra,32.90446443,-106.8644816,Precambrian,5367,ft,176,F,12,12/15/2015,4620,4640,80,1635.8616,1408.176,14.95771729,39.7602601
179,API30-051-20006,Prisor Federal No. 1,,Sierra,32.90446443,-106.8644816,Precambrian,11668,ft,318,F,12.25,2/9/1977,4620,4640,158.8888889,3556.4064,1408.176,14.95771729,40.47095731
180,API30-051-20006,Prisor Federal No. 1,,Sierra,32.90446443,-106.8644816,Precambrian,11660,ft,320,F,13.75,2/11/1977,4620,4640,160,3553.968,1408.176,14.95771729,40.81136429
181,API30-051-20006,Prisor Federal No. 1,,Sierra,32.90446443,-106.8644816,Precambrian,5364,ft,179,F,18,12/15/1976,4620,4640,81.66666667,1634.9472,1408.176,14.95771729,40.8018983
182,API30-051-20006,Prisor Federal No. 1,,Sierra,32.90446443,-106.8644816,Precambrian,11664,ft,306,F,7,2/11/1977,4620,4640,152.2222222,3555.1872,1408.176,14.95771729,38.60964197
183,API30-051-20008,West Elephant Butte Fed 3 No. 2,,Sierra,33.20104,-107.2365,Precambrian,7556,ft,193,F,18.5,12/8/1982,4119,,89.44444444,2303.0688,1255.4712,16.06086122,31.86339167
184,API30-051-20008,West Elephant Butte Fed 3 No. 2,,Sierra,33.20104,-107.2365,Precambrian,3584,ft,128,F,16,11/3/1982,4119,,53.33333333,1092.4032,1255.4712,16.06086122,34.11970243
185,API30-051-20008,West Elephant Butte Fed 3 No. 2,,Sierra,33.20104,-107.2365,Precambrian,3587,ft,130,F,19.5,11/2/1982,4119,,54.44444444,1093.3176,1255.4712,16.06086122,35.10744108
186,API30-051-20009,West Elephant Butte Fed. 7,1,Sierra,33.28604916,-107.28922,Precambrian,3288,ft,124,F,,10/23/1982,4935,,51.11111111,1002.1824,1504.188,14.2641238,36.76674756
187,API30-051-20009,West Elephant Butte Fed. 7,1,Sierra,33.28604916,-107.28922,Precambrian,7229,ft,205,F,,12/7/1982,4935,,96.11111111,2203.3992,1504.188,14.2641238,37.14578244
188,API30-051-20010,Federal 23,1,Sierra,32.98391443,-107.0107792,Mancos Sh,2635,ft,126,F,8,1/8/1983,4667,4679,52.22222222,803.148,1422.5016,14.85422874,46.52690847
189,API30-053-20001,"Virgle Landreth Federal
(also known as Panhandle)",1,Socorro,33.95295932,-106.2945081,Precambrian,2977,ft,114,F,17,2/1/1973,5794,5805,45.55555556,907.3896,1766.0112,12.37270537,36.56957297
190,API30-053-20001,"Virgle Landreth Federal
(also known as Panhandle)",1,Socorro,33.95295932,-106.2945081,Precambrian,2977,ft,114,F,15,2/1/1973,5794,5805,45.55555556,907.3896,1766.0112,12.37270537,36.56957297
191,API30-053-20001,"Virgle Landreth Federal
(also known as Panhandle)",1,Socorro,33.95295932,-106.2945081,Precambrian,2977,ft,114,F,15,2/1/1973,5794,5805,45.55555556,907.3896,1766.0112,12.37270537,36.56957297
192,API30-053-20001,"Virgle Landreth Federal
(also known as Panhandle)",1,Socorro,33.95295932,-106.2945081,Precambrian,2977,ft,100,F,24,2/1/1973,5794,5805,37.77777778,907.3896,1766.0112,12.37270537,27.99797618
193,API30-053-20002,"Panhandle ""A""",1,Socorro,33.93451944,-106.3209391,Precambrian,3055,ft,100,F,6,8/10/1973,5794,5782,37.77777778,931.164,1766.0112,12.37270537,27.28313424
194,API30-053-20003,Morrison Federal,1,Socorro,33.9525,-106.2997,Pennsylvanian,2927,ft,100,F,4,7/22/1976,5781,5785,37.77777778,892.1496,1762.0488,12.40132986,28.44416219
195,API30-053-20005,Henderson SFPRR,1,Socorro,34.26307149,-107.4332251,Precambrian,9380,ft,228,F,11,3/5/1977,6986,6997,108.8888889,2859.024,2129.3328,9.74805953,34.67645929
196,API30-053-20005,Henderson SFPRR,1,Socorro,34.26307149,-107.4332251,Precambrian,9380,ft,228,F,11,3/20/1977,6986,6997,108.8888889,2859.024,2129.3328,9.74805953,34.67645929
197,API30-053-20006,Major SFPRR,1,Socorro,34.53828671,-107.4526569,Precambrian,1292,ft,120,F,16,7/15/1977,6024,6035,48.88888889,393.8016,1836.1152,11.86627203,94.01337339
198,API30-053-20006,Major SFPRR,1,Socorro,34.53828671,-107.4526569,Precambrian,4694,ft,151,F,1,7/30/1977,6024,6035,66.11111111,1430.7312,1836.1152,11.86627203,37.91406736
199,API30-053-20010,Wishbone,1,Socorro,33.98420737,-106.5850789,Precambrian,4989,ft,160,F,,2/12/1989,5474,5485,71.11111111,1520.6472,1668.4752,13.07730828,38.16388366
200,API30-053-20011,Angel Eyes,1,Socorro,34.5532,-106.8817,basalt,8060,ft,220,F,9.75,3/26/1995,4844,4856,104.4444444,2456.688,1476.4512,14.46449525,36.62652693
201,API30-053-20012,Cathead Mesa,1,Socorro,33.97539883,-106.0235499,Precambrian,3898,ft,124,F,6,10/14/1996,6267,6278,51.11111111,1188.1104,1910.1816,11.33121419,33.48165029
202,API30-053-20012,Cathead Mesa,1,Socorro,33.97539883,-106.0235499,Precambrian,6088,ft,135,F,4.5,11/3/1996,6267,6278,57.22222222,1855.6224,1910.1816,11.33121419,24.73079007
203,API30-053-20014,Dulce Draw State,1,Socorro,33.99265857,-105.9747685,Precambrian,4022,ft,133,F,8.5,8/8/2001,5961,5972,56.11111111,1225.9056,1816.9128,12.00499072,35.97839865
204,API30-053-20015,NFT,3,Socorro,34.5487,-106.8231,,6906,ft,138,F,6,10/18/2001,5180,,58.88888889,2104.9488,1578.864,13.7246622,21.45621152
205,API30-053-20017,NAT,1,Socorro,34.557,-106.824,,5645,ft,187,F,,1/13/2003,5170,,86.11111111,1720.596,1575.816,13.74668104,42.05776956
206,API30-053-20017,NAT,1,Socorro,34.557,-106.824,,9121,ft,230,F,7,1/11/2003,5170,,110,2780.0808,1575.816,13.74668104,34.62248974
207,API30-053-20021,J.R. Lockhart,2,Socorro,33.92365,-106.32907,Precambrian,2700,ft,100,F,,10/22/1954,5686,5697,37.77777778,822.96,1733.0928,12.61050885,30.58139998
208,API30-053-20021,J.R. Lockhart,2,Socorro,33.92365,-106.32907,Precambrian,3037,ft,94,F,,7/3/1954,5686,5697,34.44444444,925.6776,1733.0928,12.61050885,23.58697628
209,API30-053-20022,Lockhart,3,Socorro,33.9191896,-106.3307295,Precambrian,2666,ft,94,F,,10/10/1955,5698,5709,34.44444444,812.5968,1736.7504,12.58408624,26.90185121
210,API30-053-20023,Bingham State,1,Socorro,33.85438,-106.39858,Precambrian,3144,ft,96,F,,10/16/1955,5423,,35.55555556,958.2912,1652.9304,13.18960436,23.33940997
211,API30-053-20029,Santa Fe Pacific RR,1-9608,Socorro,34.5747,-107.3873,,4784,ft,132,F,3,8/3/1959,6060,,55.55555556,1458.1632,1847.088,11.7870042,30.01622271
212,API30-053-20037,Cat Head Mesa Unit,3,Socorro,33.98540066,-105.9877062,Abo,3265,ft,130,F,,11/23/2005,5974,,54.44444444,995.172,1820.8752,11.97636623,42.67410881
213,API30-061-20001,Romero,1,Valencia,34.71,-107.17,Precambrian,3003,ft,117,F,2,4/9/1971,6271,6280,47.22222222,915.3144,1911.4008,11.32240666,39.22129442
214,API30-061-20003,White Ridge,1,Valencia,34.75969,-107.20166,Precambrian,4315,ft,127,F,,10/22/1971,6749,,52.77777778,1315.212,2057.0952,10.26990606,32.32016718
215,API30-061-20004,Santa Fe No. 2,,Valencia,34.71672371,-106.9505872,Triassic,11234,ft,240,F,10,7/4/1974,5194,5216,115.5555556,3424.1232,1583.1312,13.69383582,29.74826365
216,API30-061-20004,Santa Fe No. 2,,Valencia,34.71672371,-106.9505872,Triassic,11237,ft,257,F,9,7/4/1974,5194,5216,125,3425.0376,1583.1312,13.69383582,32.49779336
217,API30-061-20004,Santa Fe No. 2,,Valencia,34.71672371,-106.9505872,Triassic,11236,ft,234,F,14,7/4/1974,5194,5216,112.2222222,3424.7328,1583.1312,13.69383582,28.76965654
218,API30-061-20004,Santa Fe No. 2,,Valencia,34.71672371,-106.9505872,Triassic,7012,ft,178,F,6,4/19/1974,5194,5216,81.11111111,2137.2576,1583.1312,13.69383582,31.54382293
219,API30-061-20004,Santa Fe No. 2,,Valencia,34.71672371,-106.9505872,Triassic,6678,ft,178,F,12,4/19/1974,5194,5216,81.11111111,2035.4544,1583.1312,13.69383582,33.12148643
220,API30-061-20004,Santa Fe No. 2,,Valencia,34.71672371,-106.9505872,Triassic,7012,ft,178,F,9,4/19/1974,5194,5216,81.11111111,2137.2576,1583.1312,13.69383582,31.54382293
221,API30-061-20004,Santa Fe No. 2,,Valencia,34.71672371,-106.9505872,Triassic,6720,ft,178,F,15,4/19/1974,5194,5216,81.11111111,2048.256,1583.1312,13.69383582,32.91447714
222,API30-061-20004,Santa Fe No. 2,,Valencia,34.71672371,-106.9505872,Triassic,14020,ft,322,F,16,9/10/1974,5194,5216,161.1111111,4273.296,1583.1312,13.69383582,34.49732368
223,API30-061-20004,Santa Fe No. 2,,Valencia,34.71672371,-106.9505872,Triassic,14020,ft,233,F,20,9/10/1974,5194,5216,111.6666667,4273.296,1583.1312,13.69383582,22.92675978
224,API30-061-20004,Santa Fe No. 2,,Valencia,34.71672371,-106.9505872,Triassic,14233,ft,315,F,18,9/23/1974,5194,5216,157.2222222,4338.2184,1583.1312,13.69383582,33.08463825
225,API30-061-20004,Santa Fe No. 2,,Valencia,34.71672371,-106.9505872,Triassic,14277,ft,320,F,9,8/22/1974,5194,5216,160,4351.6296,1583.1312,13.69383582,33.62100584
226,API30-061-20004,Santa Fe No. 2,,Valencia,34.71672371,-106.9505872,Triassic,3188,ft,96,F,14,4/4/1974,5194,5216,35.55555556,971.7024,1583.1312,13.69383582,22.4983696
227,API30-061-20004,Santa Fe No. 2,,Valencia,34.71672371,-106.9505872,Triassic,3188,ft,95,F,12,4/4/1974,5194,5216,35,971.7024,1583.1312,13.69383582,21.92663533
228,API30-061-20004,Santa Fe No. 2,,Valencia,34.71672371,-106.9505872,Triassic,3190,ft,98,F,16,4/4/1974,5194,5216,36.66666667,972.312,1583.1312,13.69383582,23.62701565
229,API30-061-20004,Santa Fe No. 2,,Valencia,34.71672371,-106.9505872,Triassic,3188,ft,97,F,16,4/4/1974,5194,5216,36.11111111,971.7024,1583.1312,13.69383582,23.07010386
230,API30-061-20004,Santa Fe No. 2,,Valencia,34.71672371,-106.9505872,Triassic,3186,ft,100,F,18,4/4/1974,5194,5216,37.77777778,971.0928,1583.1312,13.69383582,24.80086554
231,API30-061-20004,Santa Fe No. 2,,Valencia,34.71672371,-106.9505872,Triassic,3186,ft,95,F,12,4/4/1974,5194,5216,35,971.0928,1583.1312,13.69383582,21.9403997
232,API30-061-20004,Santa Fe No. 2,,Valencia,34.71672371,-106.9505872,Triassic,3186,ft,96,F,14,4/4/1974,5194,5216,35.55555556,971.0928,1583.1312,13.69383582,22.51249287
233,API30-061-20004,Santa Fe No. 2,,Valencia,34.71672371,-106.9505872,Triassic,3189,ft,98,F,16,4/4/1974,5194,5216,36.66666667,972.0072,1583.1312,13.69383582,23.63442457
234,API30-061-20004,Santa Fe No. 2,,Valencia,34.71672371,-106.9505872,Triassic,8407,ft,180,F,6,5/2/1974,5194,5216,82.22222222,2562.4536,1583.1312,13.69383582,26.74326919
235,API30-061-20004,Santa Fe No. 2,,Valencia,34.71672371,-106.9505872,Triassic,8403,ft,185,F,10,5/2/1974,5194,5216,85,2561.2344,1583.1312,13.69383582,27.84054602
236,API30-061-20004,Santa Fe No. 2,,Valencia,34.71672371,-106.9505872,Triassic,8404,ft,192,F,16,5/2/1974,5194,5216,88.88888889,2561.5392,1583.1312,13.69383582,29.35541766
237,API30-061-20004,Santa Fe No. 2,,Valencia,34.71672371,-106.9505872,Triassic,8412,ft,195,F,18,5/2/1974,5194,5216,90.55555556,2563.9776,1583.1312,13.69383582,29.97753168
238,API30-061-20004,Santa Fe No. 2,,Valencia,34.71672371,-106.9505872,Triassic,6678,ft,128,F,12,4/19/1974,5194,5216,53.33333333,2035.4544,1583.1312,13.69383582,19.47452004
239,API30-061-20004,Santa Fe No. 2,,Valencia,34.71672371,-106.9505872,Triassic,7010,ft,178,F,9,4/19/1974,5194,5216,81.11111111,2136.648,1583.1312,13.69383582,31.55282259
240,API30-061-20004,Santa Fe No. 2,,Valencia,34.71672371,-106.9505872,Triassic,7010,ft,178,F,6,4/19/1974,5194,5216,81.11111111,2136.648,1583.1312,13.69383582,31.55282259
241,API30-061-20004,Santa Fe No. 2,,Valencia,34.71672371,-106.9505872,Triassic,11226,ft,257,F,9,4/19/1974,5194,5216,125,3421.6848,1583.1312,13.69383582,32.52963691
242,API30-061-20004,Santa Fe No. 2,,Valencia,34.71672371,-106.9505872,Triassic,11233,ft,234,F,6,7/4/1974,5194,5216,112.2222222,3423.8184,1583.1312,13.69383582,28.77734006
243,API30-061-20004,Santa Fe No. 2,,Valencia,34.71672371,-106.9505872,Triassic,11233,ft,234,F,14,7/4/1974,5194,5216,112.2222222,3423.8184,1583.1312,13.69383582,28.77734006
244,API30-061-20004,Santa Fe No. 2,,Valencia,34.71672371,-106.9505872,Triassic,11231,ft,240,F,10,7/4/1974,5194,5216,115.5555556,3423.2088,1583.1312,13.69383582,29.75620994
245,API30-061-20004,Santa Fe No. 2,,Valencia,34.71672371,-106.9505872,Triassic,8405,ft,192,F,13,7/4/1974,5194,5216,88.88888889,2561.844,1583.1312,13.69383582,29.35192505
246,API30-061-20004,Santa Fe No. 2,,Valencia,34.71672371,-106.9505872,Triassic,13954,ft,322,F,16,7/4/1974,5194,5216,161.1111111,4253.1792,1583.1312,13.69383582,34.66049004
247,API30-061-20004,Santa Fe No. 2,,Valencia,34.71672371,-106.9505872,Triassic,13345,ft,233,F,20,7/4/1974,5194,5216,111.6666667,4067.556,1583.1312,13.69383582,24.08641229
248,API30-061-20004,Santa Fe No. 2,,Valencia,34.71672371,-106.9505872,Triassic,14010,ft,316,F,6,7/4/1974,5194,5216,157.7777778,4270.248,1583.1312,13.69383582,33.74135225
249,API30-061-20004,Santa Fe No. 2,,Valencia,34.71672371,-106.9505872,Triassic,14275,ft,320,F,9,9/22/1974,5194,5216,160,4351.02,1583.1312,13.69383582,33.62571631
250,API30-061-20004,Santa Fe No. 2,,Valencia,34.71672371,-106.9505872,Triassic,14231,ft,315,F,18,9/23/1974,5194,5216,157.2222222,4337.6088,1583.1312,13.69383582,33.0892879
251,API30-061-20004,Santa Fe No. 2,,Valencia,34.71672371,-106.9505872,Triassic,8413,ft,192,F,13,5/2/1974,5194,5216,88.88888889,2564.2824,1583.1312,13.69383582,29.32401403
252,API30-061-20004,Santa Fe No. 2,,Valencia,34.71672371,-106.9505872,Triassic,8413,ft,185,F,10,5/2/1974,5194,5216,85,2564.2824,1583.1312,13.69383582,27.80745373
253,API30-061-20004,Santa Fe No. 2,,Valencia,34.71672371,-106.9505872,Triassic,8413,ft,185,F,10,5/2/1974,5194,5216,85,2564.2824,1583.1312,13.69383582,27.80745373
254,API30-061-20004,Santa Fe No. 2,,Valencia,34.71672371,-106.9505872,Triassic,8413,ft,195,F,18,5/2/1974,5194,5216,90.55555556,2564.2824,1583.1312,13.69383582,29.97396844
255,API30-061-20004,Santa Fe No. 2,,Valencia,34.71672371,-106.9505872,Triassic,8413,ft,192,F,16,5/2/1974,5194,5216,88.88888889,2564.2824,1583.1312,13.69383582,29.32401403
256,API30-061-20005,Lucero,1,Valencia,34.7841,-107.1001,Precambrian,2962,ft,112,F,6,6/19/1974,5935,5945,44.44444444,902.8176,1808.988,12.06223971,35.86793693
257,API30-061-20006,Carrizo,1,Valencia,34.78511,-107.14473,Precambrian,3590,ft,118,F,,5/28/1974,6185,6196,47.77777778,1094.232,1885.188,11.51176869,33.14288843
258,API30-061-20007,Tecolote,1,Valencia,34.75852,-107.17583,Precambrian,3513,ft,116,F,4.5,5/3/1974,6225,6236,46.66666667,1070.7624,1897.38,11.42369332,32.91390634
259,API30-061-20008,Isleta Central,1,Valencia,34.85005336,-106.7672499,Precambrian,5204,ft,120,F,16,11/1/1974,5044,5066,48.88888889,1586.1792,1537.4112,14.02411843,21.98034778
260,API30-061-20008,Isleta Central,1,Valencia,34.85005336,-106.7672499,Precambrian,5200,ft,120,F,7.5,10/31/1974,5044,5066,48.88888889,1584.96,1537.4112,14.02411843,21.99725574
261,API30-061-20008,Isleta Central,1,Valencia,34.85005336,-106.7672499,Precambrian,5336,ft,156,F,8,11/28/1974,5044,5066,68.88888889,1626.4128,1537.4112,14.02411843,33.73360715
262,API30-061-20008,Isleta Central,1,Valencia,34.85005336,-106.7672499,Precambrian,8084,ft,170,F,15,12/11/1974,5044,5066,76.66666667,2464.0032,1537.4112,14.02411843,25.42307909
263,API30-061-20008,Isleta Central,1,Valencia,34.85005336,-106.7672499,Precambrian,8089,ft,170,F,8,12/11/1974,5044,5066,76.66666667,2465.5272,1537.4112,14.02411843,25.40736449
264,API30-061-20008,Isleta Central,1,Valencia,34.85005336,-106.7672499,Precambrian,8900,ft,178,F,,12/17/1974,5044,5066,81.11111111,2712.72,1537.4112,14.02411843,24.73052607
265,API30-061-20008,Isleta Central,1,Valencia,34.85005336,-106.7672499,Precambrian,8888,ft,189,F,8,12/17/1974,5044,5066,87.22222222,2709.0624,1537.4112,14.02411843,27.01971863
266,API30-061-20008,Isleta Central,1,Valencia,34.85005336,-106.7672499,Precambrian,10257,ft,218,F,6,1/6/1975,5044,5066,103.3333333,3126.3336,1537.4112,14.02411843,28.56675785
267,API30-061-20008,Isleta Central,1,Valencia,34.85005336,-106.7672499,Precambrian,10257,ft,218,F,5,1/6/1975,5044,5066,103.3333333,3126.3336,1537.4112,14.02411843,28.56675785
268,API30-061-20008,Isleta Central,1,Valencia,34.85005336,-106.7672499,Precambrian,12396,ft,254,F,12,1/28/1975,5044,5066,123.3333333,3778.3008,1537.4112,14.02411843,28.9307868
269,API30-061-20008,Isleta Central,1,Valencia,34.85005336,-106.7672499,Precambrian,12395,ft,256,F,15,1/28/1975,5044,5066,124.4444444,3777.996,1537.4112,14.02411843,29.22722152
270,API30-061-20008,Isleta Central,1,Valencia,34.85005336,-106.7672499,Precambrian,13665,ft,289,F,16,2/22/1975,5044,5066,142.7777778,4165.092,1537.4112,14.02411843,30.91256072
271,API30-061-20008,Isleta Central,1,Valencia,34.85005336,-106.7672499,Precambrian,13670,ft,289,F,16,2/22/1975,5044,5066,142.7777778,4166.616,1537.4112,14.02411843,30.901254
272,API30-061-20008,Isleta Central,1,Valencia,34.85005336,-106.7672499,Precambrian,13665,ft,301,F,32,2/22/1975,5044,5066,149.4444444,4165.092,1537.4112,14.02411843,32.51316562
273,API30-061-20008,Isleta Central,1,Valencia,34.85005336,-106.7672499,Precambrian,13665,ft,259,F,7,2/21/1975,5044,5066,126.1111111,4165.092,1537.4112,14.02411843,26.91104847
274,API30-061-20008,Isleta Central,1,Valencia,34.85005336,-106.7672499,Precambrian,16347,ft,362,F,15,4/28/1975,5044,5066,183.3333333,4982.5656,1537.4112,14.02411843,33.98032831
275,API30-061-20008,Isleta Central,1,Valencia,34.85005336,-106.7672499,Precambrian,16347,ft,327,F,,4/30/1975,5044,5066,163.8888889,4982.5656,1537.4112,14.02411843,30.07783188
276,API30-061-20008,Isleta Central,1,Valencia,34.85005336,-106.7672499,Precambrian,16360,ft,354,F,8,4/28/1975,5044,5066,178.8888889,4986.528,1537.4112,14.02411843,33.06203644
277,API30-061-20015,Baca,1,Valencia,34.69005857,-106.5105761,Pennsylvanian,2040,ft,98,F,,4/12/1983,5643,,36.66666667,621.792,1719.9864,12.70518986,38.53616129
278,API30-061-20015,Baca,1,Valencia,34.69005857,-106.5105761,Pennsylvanian,2038,ft,98,F,,4/11/1983,5643,,36.66666667,621.1824,1719.9864,12.70518986,38.57397892
279,API30-061-20015,Baca,1,Valencia,34.69005857,-106.5105761,Pennsylvanian,2040,ft,98,F,,2/1/1986,5643,,36.66666667,621.792,1719.9864,12.70518986,38.53616129
280,API30-061-20018,Penteco-Trinity,2,Valencia,34.735,-107.0863,Yeso,2838,ft,121,F,10,3/10/1985,5570,,49.44444444,865.0224,1697.736,12.8659274,42.2862079
281,API30-061-20020,Penteco-Trinity,3,Valencia,34.7353,-107.0869,Yeso,1005,ft,90,F,1.5,3/16/1985,5584,,32.22222222,306.324,1702.0032,12.83510103,63.28959271
282,API30-061-20021,Penteco,4,Valencia,34.73218476,-107.0933118,Yeso,2357,ft,126,F,6.5,7/25/1985,5986,,52.22222222,718.4136,1824.5328,11.94994362,56.05723305
283,API30-061-20022,Penteco Trinity,5,Valencia,34.69747571,-107.1202009,Precambrian,1623,ft,100,F,21,6/6/1987,5778,,37.77777778,494.6904,1761.1344,12.40793551,51.28428258
284,API30-061-20023,NFT,1,Valencia,34.6131,-106.8497,Tertiary,6836,ft,143,F,8,9/20/2001,5192,,61.66666667,2083.6128,1582.5216,13.69823959,23.02175677
285,API30-061-20023,NFT,1,Valencia,34.6131,-106.8497,Tertiary,7439,ft,210,F,13.67000008,9/7/1997,5192,,98.88888889,2267.4072,1582.5216,13.69823959,37.57183505
286,API30-061-20029,Dalies,1,Valencia,34.795,-106.874,Tertiary fill,6091,ft,153,F,2,5/7/1952,5316,,67.22222222,1856.5368,1620.3168,13.42520596,28.97708048
287,API30-061-20031,Fuqua,,Valencia,34.6518,-106.6638,,3916,ft,93.59999847,F,,6/8/1940,5022,,34.22222137,1193.5968,1530.7056,14.07255988,16.88146407
288,API30-061-20033,Santa Fe Pacific No. 1,,Valencia,35.66557098,-107.7694391,Upper Cretaceous,2786,ft,92,F,,2/6/1953,5072,,33.33333333,849.1728,1545.9456,13.96246568,22.81145563
289,API30-061-20033,Santa Fe Pacific No. 1,,Valencia,35.66557098,-107.7694391,Upper Cretaceous,2944,ft,98,F,,2/8/1953,5072,,36.66666667,897.3312,1545.9456,13.96246568,25.30191861
290,API30-061-20033,Santa Fe Pacific No. 1,,Valencia,35.66557098,-107.7694391,Upper Cretaceous,4127,ft,106,F,,2/20/1953,5072,,41.11111111,1257.9096,1545.9456,13.96246568,21.58235014
291,API30-061-20033,Santa Fe Pacific No. 1,,Valencia,35.66557098,-107.7694391,Upper Cretaceous,5527,ft,120,F,,3/5/1953,5072,,48.88888889,1684.6296,1545.9456,13.96246568,20.73240504
292,API30-061-20033,Santa Fe Pacific No. 1,,Valencia,35.66557098,-107.7694391,Upper Cretaceous,5822,ft,120,F,,3/8/1953,5072,,48.88888889,1774.5456,1545.9456,13.96246568,19.68189671
293,API30-061-20033,Santa Fe Pacific No. 1,,Valencia,35.66557098,-107.7694391,Upper Cretaceous,7305,ft,156,F,,3/29/1953,5072,,68.88888889,2226.564,1545.9456,13.96246568,24.66869275
294,API30-061-20033,Santa Fe Pacific No. 1,,Valencia,35.66557098,-107.7694391,Upper Cretaceous,8412,ft,169,F,,5/13/1953,5072,,76.11111111,2563.9776,1545.9456,13.96246568,24.23915304
295,API30-061-20033,Santa Fe Pacific No. 1,,Valencia,35.66557098,-107.7694391,Upper Cretaceous,10095,ft,195,F,,6/30/1953,5072,,90.55555556,3076.956,1545.9456,13.96246568,24.89248786
296,API30-061-20033,Santa Fe Pacific No. 1,,Valencia,35.66557098,-107.7694391,Upper Cretaceous,10853,ft,198,F,,7/28/1953,5072,,92.22222222,3307.9944,1545.9456,13.96246568,23.65776573
297,API30-061-20033,Santa Fe Pacific No. 1,,Valencia,35.66557098,-107.7694391,Upper Cretaceous,12160,ft,254,F,,10/25/1953,5072,,123.3333333,3706.368,1545.9456,13.96246568,29.50890674
298,API30-061-20033,Santa Fe Pacific No. 1,,Valencia,35.66557098,-107.7694391,Upper Cretaceous,12605,ft,258,F,,11/13/1953,5072,,125.5555556,3842.004,1545.9456,13.96246568,29.04554235
299,API30-061-20034,Wilson Heirs,1,Valencia,34.83305167,-107.1165919,Precambrian,4000,ft,110,F,,10/23/1958,5881,5892,43.33333333,1219.2,1792.5288,12.18114145,25.55133849
300,Goesling1,Goesling,1,Catron,34.45208,-109.03114,Precambrian,2597,ft,90,F,,1/25/1952,6366,6377,32.22222222,791.5656,1940.3568,11.11322767,26.66739757
